local,export
573.746397,957
698.3106904,893
588.8769058,1009
767.168846,1025
1015.124361,1305
3720.882336,1449
1092.906111,1200
1124.363095,1488
